{
  "k_t_vs_reward": {
    "pearson": [
      0.4678562949356014,
      1.4633669652751547e-28
    ],
    "spearman": [
      0.41104731986794546,
      8.335206699703967e-22
    ]
  },
  "k_t_vs_abs_advantage": {
    "pearson": [
      -0.07432677955394891,
      0.09688740471016756
    ],
    "spearman": [
      -0.0927172852350936,
      0.038218974034163244
    ]
  },
  "reward_vs_abs_advantage": {
    "pearson": [
      0.1183118365411274,
      0.008091719505727082
    ],
    "spearman": [
      0.05405367897242928,
      0.22761164049723864
    ]
  }
}