{
  "k_t_vs_reward": {
    "pearson": [
      0.34102856255067576,
      4.403515888570965e-15
    ],
    "spearman": [
      0.35181863476166997,
      5.151932961479314e-16
    ]
  },
  "k_t_vs_abs_advantage": {
    "pearson": [
      -0.025635936957895778,
      0.5673922785213837
    ],
    "spearman": [
      -0.09185187907846248,
      0.04006563244732878
    ]
  },
  "reward_vs_abs_advantage": {
    "pearson": [
      0.04386344633065124,
      0.32766261370015515
    ],
    "spearman": [
      0.048553951345171945,
      0.27853279430764705
    ]
  }
}