{
  "k_t_vs_reward": {
    "pearson": [
      0.3919354332819323,
      8.314951575682968e-20
    ],
    "spearman": [
      0.4487677487838032,
      3.790710737965642e-26
    ]
  },
  "k_t_vs_abs_advantage": {
    "pearson": [
      0.028239062188186982,
      0.5287012304304193
    ],
    "spearman": [
      0.12178634305919069,
      0.006399728028435059
    ]
  },
  "reward_vs_abs_advantage": {
    "pearson": [
      0.057753619135802084,
      0.19730971528718413
    ],
    "spearman": [
      0.10212253834337603,
      0.02238401665397046
    ]
  }
}