{
  "k_t_vs_reward": {
    "pearson": [
      0.4351140862162579,
      1.6360893359807584e-24
    ],
    "spearman": [
      0.39523405936184836,
      3.837471686383854e-20
    ]
  },
  "k_t_vs_abs_advantage": {
    "pearson": [
      -0.0634909990601172,
      0.15631369148139315
    ],
    "spearman": [
      -0.09708441833559579,
      0.029963710382581825
    ]
  },
  "reward_vs_abs_advantage": {
    "pearson": [
      0.18897389497652575,
      2.1055682890546026e-05
    ],
    "spearman": [
      0.16601632037913228,
      0.00019235286290157476
    ]
  }
}