{
  "k_t_vs_reward": {
    "pearson": [
      0.427576286212916,
      1.2167818474143763e-23
    ],
    "spearman": [
      0.4157112996902336,
      2.589387275120815e-22
    ]
  },
  "k_t_vs_abs_advantage": {
    "pearson": [
      0.14731357748432716,
      0.0009537388114649561
    ],
    "spearman": [
      0.13107470842659574,
      0.003321942489608834
    ]
  },
  "reward_vs_abs_advantage": {
    "pearson": [
      0.17886092999240077,
      5.772586386262574e-05
    ],
    "spearman": [
      0.11889613469869205,
      0.0077818660676185055
    ]
  }
}