{
  "k_t_vs_reward": {
    "pearson": [
      0.4473389692029256,
      5.666445006933387e-26
    ],
    "spearman": [
      0.5461862646237512,
      3.1803091063871653e-40
    ]
  },
  "k_t_vs_abs_advantage": {
    "pearson": [
      -0.048557838472710536,
      0.2784942702314022
    ],
    "spearman": [
      0.040826018303535154,
      0.36229932614520455
    ]
  },
  "reward_vs_abs_advantage": {
    "pearson": [
      0.1237396851427828,
      0.0055947372546724956
    ],
    "spearman": [
      0.09666711253672043,
      0.03068021906257714
    ]
  }
}